"Title","Artist","Album","Time","BPM","Key","URL","Start Time","Deck"
"Hold On (Wilson Philips)","Alex Dickson",,"04:22","100.0","F","soundcloud:tracks:229957939","2025-10-22T06:12:23Z","3"
"What Is Love","DJ 90's Party Mix",,"04:27","124.0","F","soundcloud:tracks:1001344027","2025-10-22T06:15:20Z","4"
"Short Short Man","DJ 90's Party Mix",,"03:20","125.8","G","soundcloud:tracks:1001781769","2025-10-22T06:16:49Z","1"
"Jump Around","DJ 90's Party Mix",,"03:04","128.0","G","soundcloud:tracks:1001198626","2025-10-22T06:19:06Z","2"
"Gettin' Jiggy Wit It (Workout Mix)","Remix Workout Factory",,"04:41","122.0","A","soundcloud:tracks:1785883584","2025-10-22T06:21:01Z","3"
"Bad Boy for Life","Diddy",,"04:13","90.0","A","soundcloud:tracks:255987897","2025-10-22T06:23:32Z","4"
"Bitch Please (feat. Xzibit)","Snoop Dogg",,"03:54","95.0","D","soundcloud:tracks:255871319","2025-10-22T06:26:07Z","3"
"Bootylicious","Destiny's Child",,"03:27","103.4","Gb","soundcloud:tracks:253511133","2025-10-22T06:28:18Z","4"
"California Love (Original Version) [feat. Roger Troutman & Dr. Dre]","2Pac",,"04:44","91.5","Bb","soundcloud:tracks:252531665","2025-10-22T06:29:19Z","1"
"A1. The Funk District - Congalizer [Samosa Records] ***OUT NOW 12""***","The Funk District",,"03:14","125.0","G","soundcloud:tracks:923006533","2025-10-22T06:30:56Z","2"
"Bite The Dust [LNTG Edit]","Late Nite Tuff Guy",,"07:42","110.0","G","soundcloud:tracks:115246531","2025-10-22T06:33:18Z","3"
"Hollaback Girl","Gwen Stefani",,"03:19","110.0","Gb","soundcloud:tracks:251380719","2025-10-22T06:35:10Z","4"
"Beatfanatic: Hard tymes","Beatfanatic aka Beatconductor",,"05:48","91.0","C","soundcloud:tracks:1841279676","2025-10-22T06:47:52Z","4"
"Sing It Back (ft. Naila)","Ash",,"04:12","120.0","E","soundcloud:tracks:199138999","2025-10-22T06:54:51Z","3"
"Peggy Gou - (It Goes Like) Nanana (Alex Wann & Sasson Remix)","thëmala",,"06:02","122.1","B","soundcloud:tracks:1577558342","2025-10-22T07:00:01Z","4"
"IAN - FIGURE IT OUT (JEWELS REMIX)","JEWELS",,"06:43","124.0","C","soundcloud:tracks:1822072953","2025-10-22T07:02:36Z","3"
"I Appreciate You","Headache",,"03:57","140.0","Eb","soundcloud:tracks:2172525888","2025-10-22T07:05:15Z","1"
"Hotel Motel (Bill Brewster & Alex Tepper) - Without Your Love feat. Pat Fulgoni (Dark Revisited)","SprechenMusic",,"06:57","118.0","Eb","soundcloud:tracks:2020943185","2025-10-22T07:07:20Z","4"
"Sun Goes Down (Rework) (JohnnyDeepMusic.com)","Johnny Deep",,"01:29","122.0","G","soundcloud:tracks:2195918559","2025-10-22T07:09:13Z","3"
"Slo-Motion Potion August 2023 Hosted By Fingerman","FINGERMAN(HotDigitsMusic)",,"2:00:46","105.0","D","soundcloud:tracks:1581054887","2025-10-22T07:10:59Z","4"
"Most Undo Tomorrow","Headache",,"05:39","89.0","G","soundcloud:tracks:2172618375","2025-10-22T07:12:13Z","1"
"Like the Rain (Original) Now on Sale","Johnny Deep",,"01:45","120.0","Ab","soundcloud:tracks:2173990347","2025-10-22T07:17:57Z","3"
"Poeta Vagabundo","Ricardo Villa Sánchez",,"03:29","90.0","D","soundcloud:tracks:2180289559","2025-10-22T07:18:45Z","1"
"Trust Nobody","HolyTrill",,"02:59","96.0","B","soundcloud:tracks:2029920268","2025-10-22T07:19:46Z","4"
"Girls Night (feat NOIZEY)","AYZUN",,"02:16","95.0","D","soundcloud:tracks:1895014350","2025-10-22T07:20:49Z","3"
"intro","BKGBlacking",,"01:37","120.0","F","soundcloud:tracks:2185462083","2025-10-22T07:21:22Z","4"
"Party irani","Fooladi",,"02:51","125.0","F","soundcloud:tracks:2177663859","2025-10-22T07:22:08Z","3"
"Girls Night (feat NOIZEY)","AYZUN",,"02:16","95.0","D","soundcloud:tracks:1895014350","2025-10-22T07:25:11Z","4"
"Arman Miladi - Paranoia (feat. Koorosh, Arown, Hoomaan)","On Repeat",,"03:00","81.0","D","soundcloud:tracks:1793218762","2025-10-22T07:25:48Z","3"
"Emergency Room","Andres",,"04:29","99.0","Bb","soundcloud:tracks:2184901855","2025-10-22T07:27:59Z","2"
"His Story","Headache",,"04:59","103.0","B","soundcloud:tracks:2172635382","2025-10-22T07:28:50Z","3"
"Покровительница грез","AnBody",,"03:21","107.7","Db","soundcloud:tracks:2180220107","2025-10-22T07:31:14Z","4"
"drifting away from you","madeline mae",,"02:56","132.0","Bb","soundcloud:tracks:935022781","2025-10-22T07:34:16Z","1"
"Sad Boy","LAILA",,"03:32","134.9","Ab","soundcloud:tracks:211410173","2025-10-22T07:37:03Z","4"
"cigarette daydreams cover","olivia o'brien",,"03:34","108.9","C","soundcloud:tracks:203064910","2025-10-22T07:37:28Z","3"
"Can't Help Falling In Love (Cover) by twenty | one | pilots","Flean D'adrean",,"02:45","123.5","C","soundcloud:tracks:98002612","2025-10-22T07:38:29Z","2"
"It Opens if You Turn the Handle","Headache",,"02:48","80.0","F","soundcloud:tracks:2172542364","2025-10-22T07:38:59Z","3"
"i hate u, i love u (feat. olivia o'brien)","gnash",,"04:11","92.0","A","soundcloud:tracks:216383661","2025-10-22T07:41:55Z","2"
"The Joy is Ours","Headache",,"04:31","100.0","Bb","soundcloud:tracks:2172524859","2025-10-22T07:42:16Z","4"
"him","Sarah Lilies",,"03:26","88.4","C","soundcloud:tracks:376398719","2025-10-22T07:43:15Z","3"
"One Direction - You & I (Oh Genius Remix)","Oh Genius",,"02:59","131.0","Db","soundcloud:tracks:217453872","2025-10-22T07:46:44Z","3"
"Zayn Malik - Pillowtalk (no sleep remix)","no sleep",,"04:44","125.0","B","soundcloud:tracks:256794296","2025-10-22T07:48:10Z","1"
"Say Something Cover - Shawn Mendes","shawn mendes covers",,"04:04","99.0","Db","soundcloud:tracks:128717385","2025-10-22T07:50:17Z","1"
"Nineteen Sixty Five","Headache",,"03:14","100.0","A","soundcloud:tracks:2172595401","2025-10-22T07:51:43Z","3"
"RADIO:TRAUMA 058: GHOZT","RADIO:TRAUMA",,"1:06:53","150.0","Ab","soundcloud:tracks:2184965911","2025-10-22T07:52:56Z","2"
"Wake Me Up (feat. Richard Walters)","AVIRA",,"03:33","120.0","Bb","soundcloud:tracks:1362454624","2025-10-22T07:55:21Z","1"
"BEST OLD SCHOOL REGGAE MIX 80'S 90'S VOL.1 ~ EARLY 90'S OLDIES DANCEHAL MIX (FULL HITS PLAYLIST)","Malik Parkinson",,"1:14:46","90.1","B","soundcloud:tracks:824099086","2025-10-22T08:25:10Z","1"
